year,minority_pct
1,26.2294944489446
7,26.8584641097625
