year,minority_pct
1,57.7063771946858
7,56.4188029071984
